a_name,noc,discipline,c_id
FURK Benedikt,Germany,Hockey,7
GRAMBUSCH Mats Jurgen,Germany,Hockey,7
HAUKE Tobias Constantin,Germany,Hockey,7
HERZBRUCH Timm Alexander,Germany,Hockey,7
KAUFMANN Paul-Philipp,Germany,Hockey,7
MULLER Linus,Germany,Hockey,7
ORUZ Timur,Germany,Hockey,7
RUHR Jan Christopher,Germany,Hockey,7
STADLER Alexander,Germany,Hockey,7
WEIGAND Justus,Germany,Hockey,7
WINDFEDER Lukas,Germany,Hockey,7
CAIRA Jenna,Canada,Baseball/Softball,8
GROENEWEGEN Sara,Canada,Baseball/Softball,8
HARSHMAN Kelsey,Canada,Baseball/Softball,8
LEUNG Janet,Canada,Baseball/Softball,8
LYE Joey,Canada,Baseball/Softball,8
POLIDORI Erika,Canada,Baseball/Softball,8
RAFTER Kaleigh,Canada,Baseball/Softball,8
EBADIPOUR GHARA H. Milad,Islamic Republic of Iran,Volleyball,9
GHAFOUR Amir,Islamic Republic of Iran,Volleyball,9
GHOLAMI Masoud,Islamic Republic of Iran,Volleyball,9
KARIMISOUCHELMAEI Javad,Islamic Republic of Iran,Volleyball,9
KAZEMI Saber,Islamic Republic of Iran,Volleyball,9
MARANDI Mahdi,Islamic Republic of Iran,Volleyball,9
MAROUFLAKRANI Mir Saeid,Islamic Republic of Iran,Volleyball,9
MOJARAD Aliasghar,Islamic Republic of Iran,Volleyball,9
MOUSAVI ERAGHI Seyed Mohammad,Islamic Republic of Iran,Volleyball,9
SALEHI Arman,Islamic Republic of Iran,Volleyball,9
SALEHI Meisam,Islamic Republic of Iran,Volleyball,9
SHARIFI Morteza,Islamic Republic of Iran,Volleyball,9
ARZANI Daniel,Australia,Football,19
BACCUS Keanu,Australia,Football,19
D'AGOSTINO Nicholas,Australia,Football,19
DENG Thomas,Australia,Football,19
DUKE Mitch,Australia,Football,19
GENREAU Denis,Australia,Football,19
GLOVER Thomas,Australia,Football,19
HOLMES Jordan,Australia,Football,19
KERR Sam,Australia,Football,19
KING Joel,Australia,Football,19
MICAH Teagan,Australia,Football,19
PIERIAS Dylan,Australia,Football,19
PISCOPO Reno,Australia,Football,19
RICH-BAGHUELOU Jay,Australia,Football,19
SIMON Kyah,Australia,Football,19
SOUTTAR Harry,Australia,Football,19
TILIO Marco,Australia,Football,19
WALES Lachlan,Australia,Football,19
BALEIWAIRIKI Iosefo Masikau,Fiji,Rugby Sevens,21
BOTITU Vilimoni,Fiji,Rugby Sevens,21
DERENALAGI Mele,Fiji,Rugby Sevens,21
RADRADRA Semi,Fiji,Rugby Sevens,21
SOLIKOVITI Vasiti,Fiji,Rugby Sevens,21
TUWAI Jerry,Fiji,Rugby Sevens,21
ULUNISAU Reapi,Fiji,Rugby Sevens,21
VAKURUNABILI Josua,Fiji,Rugby Sevens,21
ENTZMINGER Emma,Canada,Baseball/Softball,26
GILBERT Jen,Canada,Baseball/Softball,26
HAYWARD Victoria,Canada,Baseball/Softball,26
LAWRIE Danielle,Canada,Baseball/Softball,26
REGULA Lauren,Canada,Baseball/Softball,26
SALLING Jenn,Canada,Baseball/Softball,26
BEALE Daniel James,Australia,Hockey,28
BRAND Tim,Australia,Hockey,28
CHARTER Andrew Lewis,Australia,Hockey,28
CRAIG Thomas William,Australia,Hockey,28
DAWSON Matthew,Australia,Hockey,28
FITZPATRICK Madison Mae,Australia,Hockey,28
GOVERS Blake,Australia,Hockey,28
HAYWARD Jeremy Thomas,Australia,Hockey,28
HOWARD Tim,Australia,Hockey,28
MARTIN Dylan,Australia,Hockey,28
MITTON Trent Grant,Australia,Hockey,28
OCKENDEN Edward Clive,Australia,Hockey,28
OGILVIE Flynn Andrew,Australia,Hockey,28
SHARP Lachlan Thomas,Australia,Hockey,28
WHETTON Jacob Thomas,Australia,Hockey,28
WICKHAM Tom Joseph,Australia,Hockey,28
ZALEWSKI Aran,Australia,Hockey,28
ALMADA Thiago,Argentina,Football,29
BELMONTE Tomas,Argentina,Football,29
BLAZQUEZ Joaquin,Argentina,Football,29
BRAVO Claudio,Argentina,Football,29
COLOMBATTO Santiago,Argentina,Football,29
DE LA FUENTE Hernan,Argentina,Football,29
DE LA VEGA Pedro,Argentina,Football,29
GAICH Adolfo,Argentina,Football,29
HERRERA Marcelo,Argentina,Football,29
Mac ALLISTER Alexis,Argentina,Football,29
MEDINA Facundo,Argentina,Football,29
MORALES Lautaro,Argentina,Football,29
MOSEVICH Leonel,Argentina,Football,29
PEREZ Nehuen,Argentina,Football,29
URZI Agustin,Argentina,Football,29
VALENZUELA Fernando,Argentina,Football,29
VERA Fausto,Argentina,Football,29
DEVI Sharmila,India,Hockey,34
KAUR Navjot,India,Hockey,34
LAKRA Birendra,India,Hockey,34
LALREMSIAMI,India,Hockey,34
NEHA Neha,India,Hockey,34
NISHA,India,Hockey,34
PARATTU RAVEENDRAN Sreejesh,India,Hockey,34
PRADHAN Nikki,India,Hockey,34
PUKHRAMBAM Sushila Chanu,India,Hockey,34
RANI,India,Hockey,34
SAVITA,India,Hockey,34
SHARMA Nilakanta,India,Hockey,34
SINGH Gurjant,India,Hockey,34
TETE Salima,India,Hockey,34
TOPPO Namita,India,Hockey,34
UDITA,India,Hockey,34
ERDELYI Balazs,Hungary,Water Polo,35
GANGL Edina,Hungary,Water Polo,35
GARDA Krisztina,Hungary,Water Polo,35
GURISATTI Greta,Hungary,Water Polo,35
GYONGYOSSY Aniko,Hungary,Water Polo,35
ILLES Anna,Hungary,Water Polo,35
JANSIK Szilard,Hungary,Water Polo,35
MAGYARI Alda,Hungary,Water Polo,35
MANHERCZ Krisztian,Hungary,Water Polo,35
MEZEI Tamas,Hungary,Water Polo,35
PARKES Rebecca,Hungary,Water Polo,35
RYBANSKA Natasa,Hungary,Water Polo,35
SZILAGYI Dorottya,Hungary,Water Polo,35
SZUCS Gabriella,Hungary,Water Polo,35
VALYI Vanda,Hungary,Water Polo,35
VARGA Denes,Hungary,Water Polo,35
VOGEL Soma,Hungary,Water Polo,35
BLECHER Eden,Israel,Artistic Swimming,36
BOBRITSKY Shelly,Israel,Artistic Swimming,36
COLACI Massimo,Italy,Volleyball,37
EGONU Paola Ogechi,Italy,Volleyball,37
FOLIE Raphaela,Italy,Volleyball,37
JUANTORENA Osmany,Italy,Volleyball,37
MICHIELETTO Alessandro,Italy,Volleyball,37
PIANO Matteo,Italy,Volleyball,37
SBERTOLI Riccardo,Italy,Volleyball,37
SYLLA Miryam Fatime,Italy,Volleyball,37
ZAYTSEV Ivan,Italy,Volleyball,37
CAMPOS Luiza,Brazil,Rugby Sevens,40
CERULLO Isadora,Brazil,Rugby Sevens,40
COSTA Thalia,Brazil,Rugby Sevens,40
da SILVA COSTA Thalita,Brazil,Rugby Sevens,40
dos SANTOS SILVA Leila,Brazil,Rugby Sevens,40
FIORAVANTI COSTA Marina,Brazil,Rugby Sevens,40
KOCHHANN Raquel,Brazil,Rugby Sevens,40
NICOLAU Mariana,Brazil,Rugby Sevens,40
SCATRUT Haline,Brazil,Rugby Sevens,40
SILVA Bianca,Brazil,Rugby Sevens,40
ZANELLATO Rafaela,Brazil,Rugby Sevens,40
BLICAVS Sara Kirsti,Australia,Basketball,41
EBZERY Katie,Australia,Basketball,41
GEORGE Cayla,Australia,Basketball,41
LAVEY Tess,Australia,Basketball,41
MADGEN Tess,Australia,Basketball,41
MITCHELL Leilani,Australia,Basketball,41
O'HEA Jenna,Australia,Basketball,41
SMITH Alanna,Australia,Basketball,41
TALBOT Steph,Australia,Basketball,41
THYBULLE Matisse,Australia,Basketball,41
TOLO Marianna,Australia,Basketball,41
ALARIE Elissa,Canada,Rugby Sevens,49
BENN Brittany,Canada,Rugby Sevens,49
BUISA Pam,Canada,Rugby Sevens,49
FARELLA Bianca,Canada,Rugby Sevens,49
GREENSHIELDS Julia,Canada,Rugby Sevens,49
LANDRY Ghislaine,Canada,Rugby Sevens,49
LUKAN Kaili,Canada,Rugby Sevens,49
MOLESCHI Kayla,Canada,Rugby Sevens,49
NICHOLAS Breanne,Canada,Rugby Sevens,49
SAUDER Theo,Canada,Rugby Sevens,49
THIEL Jake,Canada,Rugby Sevens,49
WARDLEY Keyara,Canada,Rugby Sevens,49
WILLIAMS Charity,Canada,Rugby Sevens,49
BAR Juan Manuel,Argentina,Handball,50
BONANNO Nicolas,Argentina,Handball,50
CAROU Gonzalo Matias,Argentina,Handball,50
FERNANDEZ Federico Gaston,Argentina,Handball,50
MACIEL Leonel Carlos Sergio,Argentina,Handball,50
MARTINEZ CAMI Pedro,Argentina,Handball,50
MARTINEZ Ramiro,Argentina,Handball,50
MOSCARIELLO Lucas Dario,Argentina,Handball,50
MOURINO Gaston Alberto,Argentina,Handball,50
PIZARRO Federico,Argentina,Handball,50
PIZARRO Ignacio,Argentina,Handball,50
SIMONET Diego Esteban,Argentina,Handball,50
SIMONET Pablo Ariel,Argentina,Handball,50
SIMONET Sebastian Alejandro,Argentina,Handball,50
VAINSTEIN Pablo,Argentina,Handball,50
AICARDI Matteo,Italy,Water Polo,52
BODEGAS Michael Alexandre,Italy,Water Polo,52
Del LUNGO Marco,Italy,Water Polo,52
Di FULVIO Francesco,Italy,Water Polo,52
DOLCE Vincenzo,Italy,Water Polo,52
ECHENIQUE Gonzalo,Italy,Water Polo,52
FIGARI Niccolo,Italy,Water Polo,52
FIGLIOLI Pietro,Italy,Water Polo,52
LUONGO Stefano,Italy,Water Polo,52
NICOSIA Gianmarco,Italy,Water Polo,52
PRESCIUTTI Nicholas,Italy,Water Polo,52
ABDALLA Maryam,Egypt,Artistic Swimming,58
HIEKAL Hanna,Egypt,Artistic Swimming,58
MOHSEN Laila,Egypt,Artistic Swimming,58
NABILAZMY Nora,Egypt,Artistic Swimming,58
RADWAN Farida,Egypt,Artistic Swimming,58
ALZIGKOUZI KOMINEA Maria Elli Lela,Greece,Artistic Swimming,60
FRAGKAKI Eleni,Greece,Artistic Swimming,60
GIALAMA Krystalenia,Greece,Artistic Swimming,60
KARAMESIOU Pinelopi,Greece,Artistic Swimming,60
MISIKEVYCH Andriana,Greece,Artistic Swimming,60
PAPAZOGLOU Evangelia,Greece,Artistic Swimming,60
PLATANIOTI Evangelia,Greece,Artistic Swimming,60
VASILOPOULOU Georgia,Greece,Artistic Swimming,60
KAUR Gurjit,India,Hockey,64
KAUR Navneet,India,Hockey,64
KUMAR Surender,India,Hockey,64
KUMAR Varun,India,Hockey,64
PRASAD Vivek Sagar,India,Hockey,64
SINGH Harmanpreet,India,Hockey,64
SINGH Rupinder Pal,India,Hockey,64
SINGH Simranjeet,India,Hockey,64
SUMIT,India,Hockey,64
UPADHYAY Lalit Kumar,India,Hockey,64
ALBICY Andrew,France,Basketball,65
BATUM Nicolas,France,Basketball,65
CORNELIE Petr,France,Basketball,65
de COLO Nando,France,Basketball,65
FOURNIER Evan,France,Basketball,65
HEURTEL Thomas,France,Basketball,65
MIYEM Endene,France,Basketball,65
NTILIKINA Frank,France,Basketball,65
POIRIER Vincent,France,Basketball,65
YABUSELE Guerschon,France,Basketball,65
ALMEIDA Teresa,Angola,Handball,69
CARLOS Azenaide,Angola,Handball,69
CAZANGA Magda,Angola,Handball,69
DOMBAXI Wuta,Angola,Handball,69
FONSECA Natalia,Angola,Handball,69
GUIALO Isabel,Angola,Handball,69
KASSOMA Albertina,Angola,Handball,69
MACHADO Juliana,Angola,Handball,69
PASCOAL Stelvia,Angola,Handball,69
PAULO Helena,Angola,Handball,69
QUIZELETE Marilia,Angola,Handball,69
SANTOS Natalia,Angola,Handball,69
SOUSA Helena,Angola,Handball,69
VENANCIO Liliana,Angola,Handball,69
BORGES ALMEIDA SILVA Mauricio,Brazil,Volleyball,70
CORREIA De SOUZA Douglas,Brazil,Volleyball,70
De SOUZA Mauricio Luiz,Brazil,Volleyball,70
GIL KRELING Fernando,Brazil,Volleyball,70
LEAL HIDALGO Yoandy,Brazil,Volleyball,70
SAATKAMP Lucas,Brazil,Volleyball,70
CAREY Michelle,Ireland,Hockey,71
CARROLL Naomi,Ireland,Hockey,71
DALY Nicola,Ireland,Hockey,71
HAWKSHAW Sarah,Ireland,Hockey,71
HOLDEN Lizzy,Ireland,Hockey,71
MALSEED Zara,Ireland,Hockey,71
MATTHEWS Hannah,Ireland,Hockey,71
McAULEY Sarah,Ireland,Hockey,71
McCAY Shirley,Ireland,Hockey,71
McFERRAN Ayeisha,Ireland,Hockey,71
McLOUGHLIN Hannah,Ireland,Hockey,71
MULLAN Kathryn,Ireland,Hockey,71
O'FLANAGAN Anna,Ireland,Hockey,71
TICE Elena,Ireland,Hockey,71
TORRANS Sarah,Ireland,Hockey,71
UPTON Roisin,Ireland,Hockey,71
WATKINS Chloe,Ireland,Hockey,71
BONE Edwina,Australia,Hockey,73
CLAXTON Jane-Anne,Australia,Hockey,73
FITZPATRICK Savannah,Australia,Hockey,73
HAYES Greta,Australia,Hockey,73
JENNER Kate Elisabeth,Australia,Hockey,73
KERSHAW Stephanie Anna,Australia,Hockey,73
LAWTON Amy Rose,Australia,Hockey,73
LYNCH Rachael Anne,Australia,Hockey,73
MALONE Ambrosia,Australia,Hockey,73
NOBBS Kaitlin,Australia,Hockey,73
PERIS Brooke,Australia,Hockey,73
STEWART Grace,Australia,Hockey,73
TAYLOR Renee,Australia,Hockey,73
WILLIAMS Mariah,Australia,Hockey,73
WILSON Georgia Sydney,Australia,Hockey,73
AMORIM TALESKA Eduarda,Brazil,Handball,77
BITOLO Gabriela,Brazil,Handball,77
da ROSA Rangel,Brazil,Handball,77
de ARAUJO Tamires,Brazil,Handball,77
DUTRA Leonardo,Brazil,Handball,77
HACKBARTH Rudolph,Brazil,Handball,77
LANGARO Haniel,Brazil,Handball,77
PETRUS Thiagus,Brazil,Handball,77
RODRIGUES Gustavo,Brazil,Handball,77
SILVA Joao Pedro,Brazil,Handball,77
TEIXEIRA Vinicius,Brazil,Handball,77
TORRIANI Guilherme,Brazil,Handball,77
VIAL TERCARIOL Leonardo,Brazil,Handball,77
BONFIM Caio,Brazil,Athletics,87
ARAUJO Larissa,Brazil,Handball,87
ARENHART Barbara,Brazil,Handball,87
BORGES Felipe,Brazil,Handball,87
CARDOSO Adriana,Brazil,Handball,87
CHIUFFA Fabio,Brazil,Handball,87
da ROCHA Dayane,Brazil,Handball,87
de ARRUDA Renata,Brazil,Handball,87
DO NASCIMENTO Alexandra,Brazil,Handball,87
GUARIEIRO Giulia,Brazil,Handball,87
MATIELI Patricia,Brazil,Handball,87
MORAES Rogerio,Brazil,Handball,87
RODRIGUES BELO Ana Paula,Brazil,Handball,87
TOLEDO Jose Guilherme,Brazil,Handball,87
VENTURA Livia,Brazil,Handball,87
VIEIRA Samara,Brazil,Handball,87
CONROY Jordan,Ireland,Rugby Sevens,91
DARDIS Billy,Ireland,Rugby Sevens,91
FITZPATRICK Ian,Ireland,Rugby Sevens,91
HORAN Foster,Ireland,Rugby Sevens,91
KELLY Jack,Ireland,Rugby Sevens,91
KENNEDY Terry,Ireland,Rugby Sevens,91
LEAVY Adam,Ireland,Rugby Sevens,91
LENNOX Hugo,Ireland,Rugby Sevens,91
MULLIN Gavin,Ireland,Rugby Sevens,91
O'SHEA Greg,Ireland,Rugby Sevens,91
ROCHE Mark,Ireland,Rugby Sevens,91
MOHAMED Mandy,Egypt,Artistic Gymnastics,94
MOHAMED Omar,Egypt,Artistic Gymnastics,94
ABDALLAH Shahd,Egypt,Artistic Swimming,94
SAAFAN Nehal,Egypt,Artistic Swimming,94
SHARAF Jayda,Egypt,Artistic Swimming,94
SOBHY Tia,Egypt,Rhythmic Gymnastics,94
DECAS Wesly,Honduras,Football,102
ELVIR Samuel,Honduras,Football,102
GARCIA Jose,Honduras,Football,102
GUITY Alex,Honduras,Football,102
MALDONADO Denil,Honduras,Football,102
MELENDEZ Carlos,Honduras,Football,102
MELENDEZ Cristopher,Honduras,Football,102
MOYA Brayan,Honduras,Football,102
NUNEZ Jonathan,Honduras,Football,102
OBREGON Juan,Honduras,Football,102
OLIVA Elvin,Honduras,Football,102
PALMA Luis,Honduras,Football,102
PERELLO Michael,Honduras,Football,102
PINEDA Carlos,Honduras,Football,102
PINTO Jose,Honduras,Football,102
RAMOS Bryan,Honduras,Football,102
RIVAS Rigoberto,Honduras,Football,102
RODRIGUEZ Edwin,Honduras,Football,102
CAVANNA Domiziana,Italy,Artistic Swimming,104
DEIDDA Francesca,Italy,Artistic Swimming,104
GALLI Gemma,Italy,Artistic Swimming,104
ARANCINI Zoe,Australia,Water Polo,105
CAMPBELL Richard,Australia,Water Polo,105
DENNERLEY Joel,Australia,Water Polo,105
EDWARDS Blake,Australia,Water Polo,105
EDWARDS Lachlan Robert,Australia,Water Polo,105
FORD Andrew,Australia,Water Polo,105
FORD George,Australia,Water Polo,105
HALLIGAN Bronte,Australia,Water Polo,105
HOWDEN Rhys,Australia,Water Polo,105
HRYSANTHOS Anthony,Australia,Water Polo,105
KNOX Bronwen,Australia,Water Polo,105
MIHAILOVIC Lena,Australia,Water Polo,105
POWER Nathan,Australia,Water Polo,105
ROACH Aidan,Australia,Water Polo,105
TOMASEVIC Goran,Australia,Water Polo,105
YOUNGER Aaron,Australia,Water Polo,105
PONCE Ezequiel,Argentina,Football,108
BULAICH SIMIAN Daniela,Argentina,Volleyball,108
CONTE Facundo,Argentina,Volleyball,108
DANANI Santiago,Argentina,Volleyball,108
FARRIOL Bianca,Argentina,Volleyball,108
FORTUNA Antonela,Argentina,Volleyball,108
GERMANIER Sabrina Soledad,Argentina,Volleyball,108
HERRERA RODRIGUEZ Candelaria Lucia,Argentina,Volleyball,108
LAZCANO Julieta Constanza,Argentina,Volleyball,108
MAYER Victoria,Argentina,Volleyball,108
MERCADO Erika,Argentina,Volleyball,108
NIZETICH Paula Yamila,Argentina,Volleyball,108
PEREYRA Federico,Argentina,Volleyball,108
RODRIGUEZ Elina Maria,Argentina,Volleyball,108
SANCHEZ Matias,Argentina,Volleyball,108
BLEICH Jeremy,Israel,Baseball/Softball,109
de MARTE Jonathan,Israel,Baseball/Softball,109
EREL Tal,Israel,Baseball/Softball,109
FISHMAN Jake,Israel,Baseball/Softball,109
GAILEN Blake,Israel,Baseball/Softball,109
KINSLER Ian,Israel,Baseball/Softball,109
LAKIND Jared,Israel,Baseball/Softball,109
LAVARNWAY Ryan,Israel,Baseball/Softball,109
LEICHMAN Alon,Israel,Baseball/Softball,109
LIPETZ Shlomo,Israel,Baseball/Softball,109
LOWENGART Assaf,Israel,Baseball/Softball,109
MOSCOT Jonathan,Israel,Baseball/Softball,109
PALLER Rob,Israel,Baseball/Softball,109
PENPRASE Zachary,Israel,Baseball/Softball,109
VALENCIA Danny,Israel,Baseball/Softball,109
WAGMAN Joseph,Israel,Baseball/Softball,109
WANGER Ben,Israel,Baseball/Softball,109
WEISS Zack,Israel,Baseball/Softball,109
ZEID Josh,Israel,Baseball/Softball,109
BOLACA Napolioni,Fiji,Rugby Sevens,118
CAVURU Lavena,Fiji,Rugby Sevens,118
LIKUCEVA Laisana,Fiji,Rugby Sevens,118
NACUQU Waisea,Fiji,Rugby Sevens,118
NAGASAU Rusila,Fiji,Rugby Sevens,118
NAIMASI Ana Maria,Fiji,Rugby Sevens,118
NAKOCI Alowesi,Fiji,Rugby Sevens,118
NASOKO Kalione,Fiji,Rugby Sevens,118
RADINIYAVUNI Roela,Fiji,Rugby Sevens,118
RIWAI Viniana,Fiji,Rugby Sevens,118
SENIYASI Tokasa,Fiji,Rugby Sevens,118
TUIMABA Aminiasi,Fiji,Rugby Sevens,118
TUIVUAKA Asaeli,Fiji,Rugby Sevens,118
WAINIQOLO Jiuta,Fiji,Rugby Sevens,118
BOOTHROYD John Findlay Hammond,Canada,Hockey,119
GURALIUK Brendan,Canada,Hockey,119
JOHNSTON Gordon Mackenzi,Canada,Hockey,119
KIRKPATRICK James Alexander Paget,Canada,Hockey,119
PANESAR Sukhpal Singh,Canada,Hockey,119
PEARSON Mark Alistair John,Canada,Hockey,119
SARMENTO Matthew Brandon,Canada,Hockey,119
SMYTHE John Barrie,Canada,Hockey,119
TUPPER Scott William Martin,Canada,Hockey,119
van SON Floris Frederik,Canada,Hockey,119
ALVAREZ Dario,Dominican Republic,Baseball/Softball,121
ASENCIO Jairo,Dominican Republic,Baseball/Softball,121
BALDWIN Roldani,Dominican Republic,Baseball/Softball,121
BAUTISTA Jose,Dominican Republic,Baseball/Softball,121
BONIFACIO Emilio,Dominican Republic,Baseball/Softball,121
CABRERA Melky,Dominican Republic,Baseball/Softball,121
CASTILLO Luis,Dominican Republic,Baseball/Softball,121
CRISOSTOMO Cristopher,Dominican Republic,Baseball/Softball,121
DIAZ Jose,Dominican Republic,Baseball/Softball,121
GARCIA Junior,Dominican Republic,Baseball/Softball,121
GORIS Diego,Dominican Republic,Baseball/Softball,121
GUZMAN Jeison,Dominican Republic,Baseball/Softball,121
MARINEZ Jhan,Dominican Republic,Baseball/Softball,121
MIESES Johan,Dominican Republic,Baseball/Softball,121
NUNEZ Gustavo,Dominican Republic,Baseball/Softball,121
PEREZ Yefri,Dominican Republic,Baseball/Softball,121
REYES Denyi,Dominican Republic,Baseball/Softball,121
RODRIGUEZ Julio,Dominican Republic,Baseball/Softball,121
ROSSO Ramon,Dominican Republic,Baseball/Softball,121
SANCHEZ Angel,Dominican Republic,Baseball/Softball,121
VALDES Raul,Dominican Republic,Baseball/Softball,121
ALVAREZ PIEDRAHITA Estefania,Colombia,Artistic Swimming,123
ARANGO ESTRADA Monica,Colombia,Artistic Swimming,123
CIAK Helena,France,Basketball,124
FALL Moustapha,France,Basketball,124
FAUTHOUX Marine,France,Basketball,124
GOBERT Rudy,France,Basketball,124
GRUDA Sandrine,France,Basketball,124
JOHANNES Marine,France,Basketball,124
LUWAWU KONGBO Timothe,France,Basketball,124
MICHEL Sarah,France,Basketball,124
TCHATCHOUANG Diandra,France,Basketball,124
VUKOSAVLJEVIC Valeriane,France,Basketball,124
WILLIAMS Gabrielle,France,Basketball,124
CALLEGARI Beatrice,Italy,Artistic Swimming,128
CERRUTI Linda,Italy,Artistic Swimming,128
di CAMILLO Costanza,Italy,Artistic Swimming,128
FERRO Costanza,Italy,Artistic Swimming,128
PICCOLI Enrica,Italy,Artistic Swimming,128
ABALO Luc,France,Handball,129
COATANEA Pauline,France,Handball,129
DANCETTE Blandine,France,Handball,129
DARLEUX Cleopatre,France,Handball,129
DESCAT Hugo,France,Handball,129
EDWIGE Beatrice,France,Handball,129
FABREGAS Ludovic,France,Handball,129
FLIPPES Laura,France,Handball,129
FOPPA Pauletta,France,Handball,129
GENTY Yann,France,Handball,129
GERARD Vincent,France,Handball,129
GUIGOU Michael,France,Handball,129
KARABATIC Luka,France,Handball,129
MAHE Kentin,France,Handball,129
NIAKATE Kalidiatou,France,Handball,129
REMILI Nedim,France,Handball,129
TOURNAT Nicolas,France,Handball,129
AUDA Patrik,Czech Republic,Basketball,130
BALVIN Ondrej,Czech Republic,Basketball,130
BOHACIK Jaromir,Czech Republic,Basketball,130
JELINEK David,Czech Republic,Basketball,130
PALYZA Lukas,Czech Republic,Basketball,130
PETERKA Martin,Czech Republic,Basketball,130
SATORANSKY Tomas,Czech Republic,Basketball,130
SCHILB Blake,Czech Republic,Basketball,130
SEHNAL Ondrej,Czech Republic,Basketball,130
SIRINA Jakub,Czech Republic,Basketball,130
VESELY Jan,Czech Republic,Basketball,130
VYORAL Tomas,Czech Republic,Basketball,130
BITTER Johannes,Germany,Handball,131
DRUX Paul,Germany,Handball,131
GENSHEIMER Uwe,Germany,Handball,131
GOLLA Johannes,Germany,Handball,131
HAEFNER Kai,Germany,Handball,131
KASTENING Timo,Germany,Handball,131
KNORR Juri,Germany,Handball,131
KOHLBACHER Jannik,Germany,Handball,131
KUEHN Julius,Germany,Handball,131
LEMKE Finn,Germany,Handball,131
PEKELER Hendrik,Germany,Handball,131
SCHILLER Marcel,Germany,Handball,131
WOLFF Andreas,Germany,Handball,131
ALVAREZ Santiago,Argentina,Rugby Sevens,133
BAZAN VELEZ Lautaro,Argentina,Rugby Sevens,133
CINTI Lucio,Argentina,Rugby Sevens,133
ETCHART Rodrigo,Argentina,Rugby Sevens,133
GONZALEZ Luciano,Argentina,Rugby Sevens,133
ISGRO Rodrigo,Argentina,Rugby Sevens,133
MARE Santiago,Argentina,Rugby Sevens,133
MENDY Ignacio,Argentina,Rugby Sevens,133
MONETA Marcos,Argentina,Rugby Sevens,133
OSADCZUK Matias,Argentina,Rugby Sevens,133
REVOL Gaston,Argentina,Rugby Sevens,133
SCHULZ German,Argentina,Rugby Sevens,133
ALLEN Bec,Australia,Basketball,136
BAYNES Aron,Australia,Basketball,136
DELLAVEDOVA Matthew,Australia,Basketball,136
GOULDING Chris,Australia,Basketball,136
GREEN Joshua Benjamin,Australia,Basketball,136
INGLES Joe,Australia,Basketball,136
KAY Nic,Australia,Basketball,136
LANDALE Jock,Australia,Basketball,136
MAGBEGOR Ezi,Australia,Basketball,136
MILLS Patty,Australia,Basketball,136
SOBEY Nathan,Australia,Basketball,136
BRAGA GUIMARAES Gabriela,Brazil,Volleyball,148
BRAIT Camila,Brazil,Volleyball,148
CAIXETA Tandara,Brazil,Volleyball,148
CORREA Ana Beatriz,Brazil,Volleyball,148
da SILVA Ana Carolina,Brazil,Volleyball,148
de OLIVEIRA SAAD GATTAZ Caroline,Brazil,Volleyball,148
De SOUZA Wallace,Brazil,Volleyball,148
MENEZES OLIVEIRA de SOUZA Ana Cris.,Brazil,Volleyball,148
MONTIBELLER Rosamaria,Brazil,Volleyball,148
PEREIRA Natalia,Brazil,Volleyball,148
RATZKE Roberta Silva,Brazil,Volleyball,148
REZENDE Bruno Mossa,Brazil,Volleyball,148
RODRIGUES Fernanda,Brazil,Volleyball,148
SANTOS Isac,Brazil,Volleyball,148
SILVA CARNEIRO Macris Fernanda,Brazil,Volleyball,148
SOUZA Ricardo Lucarelli,Brazil,Volleyball,148
ARNOLD Mackenzie,Australia,Football,149
ATKINSON Nathaniel,Australia,Football,149
CARPENTER Ellie,Australia,Football,149
CATLEY Steph,Australia,Football,149
COONEY-CROSS Kyra,Australia,Football,149
DEVLIN Cameron,Australia,Football,149
FOORD Caitlin,Australia,Football,149
FOWLER Mary,Australia,Football,149
GIELNIK Emily,Australia,Football,149
GRANT Charlotte,Australia,Football,149
KELLOND-KNIGHT Elise,Australia,Football,149
KENNEDY Alanna,Australia,Football,149
LOGARZO Chloe,Australia,Football,149
LUIK Aivi,Australia,Football,149
McGREE Riley,Australia,Football,149
METCALFE Connor,Australia,Football,149
NEVIN Courtney,Australia,Football,149
POLKINGHORNE Clare,Australia,Football,149
RASO Hayley,Australia,Football,149
ROWLES Kye,Australia,Football,149
WILLIAMS Lydia,Australia,Football,149
YALLOP Tameka,Australia,Football,149
DABILA Kouadio-Yves,Cote dlvoire,Football,151
DIALLO Amad,Cote dlvoire,Football,151
DIALLO Ismael,Cote dlvoire,Football,151
DOUMBIA Aboubacar,Cote dlvoire,Football,151
DOUMBIA Idrissa,Cote dlvoire,Football,151
GNAKA Silas,Cote dlvoire,Football,151
GRADEL Max,Cote dlvoire,Football,151
GUIAGON Parfait,Cote dlvoire,Football,151
IRA Eliezer,Cote dlvoire,Football,151
KEITA Kader,Cote dlvoire,Football,151
KESSIE Franck,Cote dlvoire,Football,151
KOUAME Christian,Cote dlvoire,Football,151
KOUAO Koffi,Cote dlvoire,Football,151
KOUASSI Eboue,Cote dlvoire,Football,151
NAGOLI Maxime,Cote dlvoire,Football,151
OUATTARA Zie,Cote dlvoire,Football,151
SINGO Wilfried,Cote dlvoire,Football,151
TIE Nicolas,Cote dlvoire,Football,151
TIMITE Cheick,Cote dlvoire,Football,151
COX Michelle,Australia,Baseball/Softball,156
FORKIN Chelsea,Australia,Baseball/Softball,156
GODFREY Leigh,Australia,Baseball/Softball,156
LACK Rachel,Australia,Baseball/Softball,156
McMANUS Stacey,Australia,Baseball/Softball,156
PARNABY Kaia,Australia,Baseball/Softball,156
PLAIN Gabrielle,Australia,Baseball/Softball,156
PORTER Stacey,Australia,Baseball/Softball,156
ROBERTS Ellen,Australia,Baseball/Softball,156
STEPTO Tarni,Australia,Baseball/Softball,156
TSITSIKRONIS Taylah,Australia,Baseball/Softball,156
WALL Jade,Australia,Baseball/Softball,156
WARWICK Clare,Australia,Baseball/Softball,156
WHITE Belinda,Australia,Baseball/Softball,156
BOSSERHOFF Niklas,Germany,Hockey,161
FUCHS Florian,Germany,Hockey,161
HANER Martin Dominik,Germany,Hockey,161
HEINZ Pauline,Germany,Hockey,161
LORENZ Nike,Germany,Hockey,161
STAIB Constantin,Germany,Hockey,161
ZWICKER Martin Detlef,Germany,Hockey,161
BISSETT Brenden David Nelson,Canada,Hockey,162
CURRAN Taylor Westermark,Canada,Hockey,162
HO-GARCIA Gabriel Wing-Chuen,Canada,Hockey,162
KINDLER Antoni Pawel,Canada,Hockey,162
PEREIRA Brandon Anthony,Canada,Hockey,162
PEREIRA Keegan Reginald,Canada,Hockey,162
SCHOLFIELD Oliver William,Canada,Hockey,162
WALLACE James Brodie Burns,Canada,Hockey,162
BOLMARO Leandro Nicolas,Argentina,Basketball,165
BRUSSINO Nicolas,Argentina,Basketball,165
CAFFARO Francisco,Argentina,Basketball,165
CAMPAZZO Facundo,Argentina,Basketball,165
DECK Gabriel,Argentina,Basketball,165
DELIA Marcos,Argentina,Basketball,165
GALLIZZI Tayavek,Argentina,Basketball,165
GARINO Patricio,Argentina,Basketball,165
LAPROVITTOLA Nicolas,Argentina,Basketball,165
SCOLA Luis,Argentina,Basketball,165
VAULET Juan Pablo,Argentina,Basketball,165
VILDOZA Luca,Argentina,Basketball,165
BANN Blair Cameron,Canada,Volleyball,168
BLANKENAU Jay,Canada,Volleyball,168
HOAG Nicholas,Canada,Volleyball,168
MAAR Stephen Timothy,Canada,Volleyball,168
MARSHALL Steven,Canada,Volleyball,168
PERRIN John Gordon,Canada,Volleyball,168
SANDERS Tyler,Canada,Volleyball,168
SCLATER Ryan Joseph,Canada,Volleyball,168
SZWARC Arthur,Canada,Volleyball,168
van BERKEL Lucas,Canada,Volleyball,168
VERNON-EVANS Sharone,Canada,Volleyball,168
VIGRASS Graham,Canada,Volleyball,168
ALVES Dani,Brazil,Football,176
ANDRESSINHA,Brazil,Football,176
ANTONY,Brazil,Football,176
ARANA Guilherme,Brazil,Football,176
BEATRIZ,Brazil,Football,176
BRENNO,Brazil,Football,176
CLAUDINHO,Brazil,Football,176
CUNHA Matheus,Brazil,Football,176
DIEGO CARLOS,Brazil,Football,176
DOUGLAS LUIZ,Brazil,Football,176
FUCHS Bruno,Brazil,Football,176
GRACA Ricardo,Brazil,Football,176
GUIMARAES Bruno,Brazil,Football,176
LUCAO,Brazil,Football,176
MALCOM,Brazil,Football,176
MATHEUS HENRIQUE,Brazil,Football,176
PAULINHO,Brazil,Football,176
RICHARLISON,Brazil,Football,176
TAMIRES,Brazil,Football,176
GRANITZKI Hanna Carina,Germany,Hockey,191
HUSE Viktoria,Germany,Hockey,191
MAERTENS Pia,Germany,Hockey,191
MICHEEL Lena,Germany,Hockey,191
ORUZ Selin,Germany,Hockey,191
SCHAUNIG Maike,Germany,Hockey,191
SONNTAG Julia,Germany,Hockey,191
STAPENHORST Charlotte,Germany,Hockey,191
WORTMANN Amelie,Germany,Hockey,191
ZIMMERMANN Sonja,Germany,Hockey,191
AHMED Mohamed,Bahrain,Handball,205
ALI Ali Merza,Bahrain,Handball,205
ALI Hasan,Bahrain,Handball,205
ALI Mohamed,Bahrain,Handball,205
ALMAQABI Ahmed,Bahrain,Handball,205
ALSAMAHIJI Hasan,Bahrain,Handball,205
EID Ali,Bahrain,Handball,205
FADHUL Ahmed,Bahrain,Handball,205
HABIB Mahdi,Bahrain,Handball,205
MAHFOODH Husain,Bahrain,Handball,205
MAHFOODH Komail,Bahrain,Handball,205
MOHAMED Mohamed,Bahrain,Handball,205
KARABATIC Nikola,France,Handball,206
LACRABERE Alexandra,France,Handball,206
LASSOURCE Coralie,France,Handball,206
LEYNAUD Amandine,France,Handball,206
MEM Dika,France,Handball,206
NZE MINKO Estelle,France,Handball,206
PINEAU Allison,France,Handball,206
PORTE Valentin,France,Handball,206
RICHARDSON Melvyn,France,Handball,206
VALENTINI Chloe,France,Handball,206
ZAADI DEUNA Grace,France,Handball,206
ARMSTRONG Emily,Canada,Artistic Swimming,207
COTE Andree-Anne,Canada,Artistic Swimming,207
FIOLA-DION Camille,Canada,Artistic Swimming,207
JOLY Audrey,Canada,Artistic Swimming,207
SIMONEAU Jacqueline,Canada,Artistic Swimming,207
AMIRI Nadiem,Germany,Football,208
ARNOLD Maximilian,Germany,Football,208
BRODERSEN Svend,Germany,Football,208
HENRICHS Benjamin,Germany,Football,208
JAKOBS Ismail,Germany,Football,208
KRUSE Max,Germany,Football,208
LOEWEN Eduard,Germany,Football,208
MUELLER Florian,Germany,Football,208
PIEPER Amos,Germany,Football,208
PLOGMANN Luca,Germany,Football,208
RICHTER Marco,Germany,Football,208
SCHLOTTERBECK Keven,Germany,Football,208
STACH Anton,Germany,Football,208
TEUCHERT Cedric,Germany,Football,208
UDUOKHAI Felix,Germany,Football,208
CASTILLO Brenda,Dominican Republic,Volleyball,210
de la CRUZ de PENA Bethania,Dominican Republic,Volleyball,210
DOMINGUEZ MARTINEZ Camil Inmaculada,Dominican Republic,Volleyball,210
EVE MEJIA Lisvel Elisa,Dominican Republic,Volleyball,210
GONZALEZ LOPEZ Gaila Ceneida,Dominican Republic,Volleyball,210
MARTE FRICA Niverka Dharlenis,Dominican Republic,Volleyball,210
MARTINEZ Brayelin Elizabeth,Dominican Republic,Volleyball,210
MARTINEZ CARO Larysmer,Dominican Republic,Volleyball,210
MARTINEZ Jineiry,Dominican Republic,Volleyball,210
PENA ISABEL Yonkaira Paola,Dominican Republic,Volleyball,210
RIVERA BRENS Prisilla,Dominican Republic,Volleyball,210
VARGAS VALDEZ Annerys Victoria,Dominican Republic,Volleyball,210
ACUNA Yenny,Chile,Football,216
AEDO Yanara,Chile,Football,216
ARAYA Karen,Chile,Football,216
BALMACEDA Rosario,Chile,Football,216
CAMPOS Natalia,Chile,Football,216
CANALES Antonia,Chile,Football,216
DIAZ Valentina,Chile,Football,216
ENDLER Christiane,Chile,Football,216
GREZ Javiera,Chile,Football,216
GUERRERO Carla,Chile,Football,216
LARA Francisca,Chile,Football,216
OPAZO Nayadet,Chile,Football,216
PARDO Daniela,Chile,Football,216
PINILLA Fernanda,Chile,Football,216
RAMIREZ Fernanda,Chile,Football,216
SAEZ Camila,Chile,Football,216
TORO Javiera,Chile,Football,216
URRUTIA Maria Jose,Chile,Football,216
ZAMORA Daniela,Chile,Football,216
COWARD Josh,Australia,Rugby Sevens,230
HUTCHISON Henry,Australia,Rugby Sevens,230
KEREVI Samu,Australia,Rugby Sevens,230
LAWSON Nathan,Australia,Rugby Sevens,230
LEVI Maddison,Australia,Rugby Sevens,230
LONGBOTTOM Maurice,Australia,Rugby Sevens,230
MALOUF Nick,Australia,Rugby Sevens,230
MILLER Lachie,Australia,Rugby Sevens,230
NATHAN Faith,Australia,Rugby Sevens,230
PARRY Shannon,Australia,Rugby Sevens,230
PELITE Evania,Australia,Rugby Sevens,230
PIETSCH Dylan,Australia,Rugby Sevens,230
PINCUS Joe,Australia,Rugby Sevens,230
ROACHE Dietrich Peter,Australia,Rugby Sevens,230
TURNER Josh,Australia,Rugby Sevens,230
ANGYAL Daniel,Hungary,Water Polo,232
HARAI Balazs,Hungary,Water Polo,232
HOSNYANSZKY Norbert,Hungary,Water Polo,232
NAGY Viktor,Hungary,Water Polo,232
VAMOS Marton,Hungary,Water Polo,232
ZALANKI Gergo,Hungary,Water Polo,232
EKKA Deep Grace,India,Hockey,233
KATARIYA Vandana,India,Hockey,233
KHOKHAR Reena,India,Hockey,233
MONIKA,India,Hockey,233
ANZANI Simone,Italy,Volleyball,242
BOSETTI Caterina Chiara,Italy,Volleyball,242
CHIRICHELLA Cristina,Italy,Volleyball,242
DANESI Anna,Italy,Volleyball,242
de GENNARO Monica,Italy,Volleyball,242
FAHR Sarah Luisa,Italy,Volleyball,242
GALASSI Gianluca,Italy,Volleyball,242
GIANNELLI Simone,Italy,Volleyball,242
LAVIA Daniele,Italy,Volleyball,242
MALINOV Ofelia,Italy,Volleyball,242
ORRO Alessia,Italy,Volleyball,242
PIETRINI Elena,Italy,Volleyball,242
VETTORI Luca,Italy,Volleyball,242
BOON Tom Alain,Belgium,Hockey,244
BRIELS Thomas,Belgium,Hockey,244
CHARLIER Cedric Daniel Andre,Belgium,Hockey,244
de KERPEL Nicolas,Belgium,Hockey,244
de SLOOVER Arthur Anne-Marie Thierr,Belgium,Hockey,244
DENAYER Felix Veronique B.,Belgium,Hockey,244
DOCKIER Sebastien,Belgium,Hockey,244
DOHMEN John-John Dominique M,Belgium,Hockey,244
GOUGNARD Simon Pierre F,Belgium,Hockey,244
HENDRICKX Alexander Robby P,Belgium,Hockey,244
KINA Antoine Sylvain T,Belgium,Hockey,244
LUYPAERT Loick Fanny A,Belgium,Hockey,244
MEURMANS Augustin Jean J,Belgium,Hockey,244
van DOREN Arthur,Belgium,Hockey,244
WEGNEZ Victor Nicky B,Belgium,Hockey,244
de CECCO Luciano,Argentina,Volleyball,246
LIMA Bruno,Argentina,Volleyball,246
LOSER Agustin,Argentina,Volleyball,246
MENDEZ Nicolas,Argentina,Volleyball,246
PALACIOS Ezequiel,Argentina,Volleyball,246
POGLAJEN Cristian,Argentina,Volleyball,246
RAMOS Martin,Argentina,Volleyball,246
RIZZO Tatiana Soledad,Argentina,Volleyball,246
SOLE Sebastian,Argentina,Volleyball,246
ALLEMAND Julie,Belgium,Basketball,250
CARPREAUX Marjorie,Belgium,Basketball,250
DELAERE Antonia,Belgium,Basketball,250
LINSKENS Kyara,Belgium,Basketball,250
MASSEY Billie,Belgium,Basketball,250
MEESSEMAN Emma,Belgium,Basketball,250
MESTDAGH Hanne,Belgium,Basketball,250
MESTDAGH Kim,Belgium,Basketball,250
NAUWELAERS Heleen,Belgium,Basketball,250
RAMAN Jana,Belgium,Basketball,250
VANLOO Julie,Belgium,Basketball,250
WAUTERS Ann,Belgium,Basketball,250
ANDREWS Abby,Australia,Water Polo,253
ARMIT Elle,Australia,Water Polo,253
BUCKLING Hannah,Australia,Water Polo,253
GOFERS Keesja,Australia,Water Polo,253
KEARNS Matilda,Australia,Water Polo,253
PALM Gabriella,Australia,Water Polo,253
RIDGE Amy,Australia,Water Polo,253
WEBSTER Rowie,Australia,Water Polo,253
YANITSAS Lea,Australia,Water Polo,253
ALEXANDRI Anna-Maria,Austria,Artistic Swimming,258
ALEXANDRI Eirini,Austria,Artistic Swimming,258
BUCKLE Carolyn,Australia,Artistic Swimming,264
BURKHILL Hannah,Australia,Artistic Swimming,264
GAZZARD Kiera,Australia,Artistic Swimming,264
HO Alessandra,Australia,Artistic Swimming,264
KINASH Kirsten,Australia,Artistic Swimming,264
PRESSER Rachel,Australia,Artistic Swimming,264
THOMPSON Amie,Australia,Artistic Swimming,264
BEKHAZI Joelle,Canada,Water Polo,285
CHRISTMAS Kyra,Canada,Water Polo,285
CREVIER Axelle,Canada,Water Polo,285
EGGENS Monika,Canada,Water Polo,285
la ROCHE Shae,Canada,Water Polo,285
LEMAY-LAVOIE Elyse,Canada,Water Polo,285
McKEE Kelly,Canada,Water Polo,285
McKELVEY Hayley,Canada,Water Polo,285
PAUL Kindred,Canada,Water Polo,285
SOHI Gurpreet,Canada,Water Polo,285
VULPISI Clara,Canada,Water Polo,285
WRIGHT Claire,Canada,Water Polo,285
WRIGHT Emma,Canada,Water Polo,285
ELAHMAR Ahmed,Egypt,Handball,286
ELDERAA Seif,Egypt,Handball,286
ELDERAA Yehia,Egypt,Handball,286
ELMASRY Ibrahim,Egypt,Handball,286
ELTAYAR Mohamed,Egypt,Handball,286
ELWAKIL Omar,Egypt,Handball,286
HENDAWY Karim,Egypt,Handball,286
KADDAH Hassan,Egypt,Handball,286
MESILHY Ahmed,Egypt,Handball,286
MOHAMED Ahmed,Egypt,Handball,286
MOHAMED Ali,Egypt,Handball,286
OMAR Yahia,Egypt,Handball,286
SANAD Mohammad,Egypt,Handball,286
SHEBIB Mohamed,Egypt,Handball,286
NEDOW Tim,Canada,Athletics,287
BERNA Phil,Canada,Rugby Sevens,287
BRAID Connor,Canada,Rugby Sevens,287
DOUGLAS Justin,Canada,Rugby Sevens,287
FUAILEFAU Mike,Canada,Rugby Sevens,287
HIRAYAMA Nathan,Canada,Rugby Sevens,287
JONES Harry,Canada,Rugby Sevens,287
KAY Pat,Canada,Rugby Sevens,287
PAQUIN Karen,Canada,Rugby Sevens,287
TRAINOR Conor,Canada,Rugby Sevens,287
ALTENBURG Lisa,Germany,Hockey,303
FLESCHUTZ Jette Louisa,Germany,Hockey,303
HAUKE Franzisca,Germany,Hockey,303
PIEPER Cecile,Germany,Hockey,303
SCHRODER Anne Katarina,Germany,Hockey,303
ALBERTARRIO Agustina,Argentina,Hockey,308
ALONSO Agostina,Argentina,Hockey,308
BARRIONUEVO Maria Noel,Argentina,Hockey,308
BUGALLO Agustin Fernando,Argentina,Hockey,308
CASELLA SCHUTH Maico,Argentina,Hockey,308
CICILEO Nicolas,Argentina,Hockey,308
COSTA BIONDI Valentina Isabel,Argentina,Hockey,308
FORCHERIO Maria Emilia,Argentina,Hockey,308
GORZELANY Agustina,Argentina,Hockey,308
GRANATTO Maria Jose,Argentina,Hockey,308
GRANATTO Maria Victoria,Argentina,Hockey,308
HABIF Thomas Ezequiel,Argentina,Hockey,308
IBARRA Pedro,Argentina,Hockey,308
JANKUNAS Julieta,Argentina,Hockey,308
LOPEZ Juan Martin,Argentina,Hockey,308
MACCARI Sofia,Argentina,Hockey,308
MARTINEZ Lucas,Argentina,Hockey,308
MAZZILLI Agustin Alejandro,Argentina,Hockey,308
MERINO Delfina,Argentina,Hockey,308
ORTIZ Ignacio Horacio,Argentina,Hockey,308
PAZ Diego Ignacio,Argentina,Hockey,308
RAPOSO RUIZ de los LLANOS Valentina,Argentina,Hockey,308
RETEGUI Micaela,Argentina,Hockey,308
REY Matias Alejandro,Argentina,Hockey,308
ROSSI Lucas Rafael,Argentina,Hockey,308
SALIS Nahuel,Argentina,Hockey,308
SANCHEZ MOCCIA Rocio,Argentina,Hockey,308
SAUZE VALDEZ Victoria,Argentina,Hockey,308
SUCCI Maria Belen,Argentina,Hockey,308
TARAZONA Santiago Tomas,Argentina,Hockey,308
TOCCALINO Sofia,Argentina,Hockey,308
TOLINI Jose Leandro,Argentina,Hockey,308
TRINCHINETTI Eugenia Maria,Argentina,Hockey,308
VILA Lucas Martin,Argentina,Hockey,308
VIVALDI Juan Manuel,Argentina,Hockey,308
BAJIC Stefan,France,Football,312
BARD Melvin,France,Football,312
BEKA BEKA Alexis,France,Football,312
BERNARDONI Paul,France,Football,312
BERTAUD Dimitry,France,Football,312
DOUKOURE Ismael,France,Football,312
GIGNAC Andre-Pierre,France,Football,312
KALULU Pierre,France,Football,312
le FEE Enzo,France,Football,312
LIHADJI Isaac,France,Football,312
MBUKU Nathanael,France,Football,312
MICHELIN Clement,France,Football,312
NKOUNKOU Niels,France,Football,312
NORDIN Arnaud,France,Football,312
PEMBELE Timothee,France,Football,312
SAVANIER Teji,France,Football,312
TOUSART Lucas,France,Football,312
FONTECCHIO Simone,Italy,Basketball,316
GALLINARI Danilo,Italy,Basketball,316
DAVARPANAH Saeid,Islamic Republic of Iran,Basketball,327
GERAMIPOOR Aaron,Islamic Republic of Iran,Basketball,327
HADDADI Hamed,Islamic Republic of Iran,Basketball,327
HASSANZADEH Mohammad,Islamic Republic of Iran,Basketball,327
JALALPOOR Pujan,Islamic Republic of Iran,Basketball,327
JAMSHIDIJAFARABADI Mohammad,Islamic Republic of Iran,Basketball,327
KAZEMI Arsalan,Islamic Republic of Iran,Basketball,327
NIK KHAHBAHRAMI Mohammadsamad,Islamic Republic of Iran,Basketball,327
REZAEIFAR Navid,Islamic Republic of Iran,Basketball,327
ROSTAMPOUR Michael,Islamic Republic of Iran,Basketball,327
VAHEDI Mohammadsina,Islamic Republic of Iran,Basketball,327
YAKHCHALIDEHKORDI Behnam,Islamic Republic of Iran,Basketball,327
ABDELSALAM Mohamed,Egypt,Football,330
ADEL Ibrahim,Egypt,Football,330
ASHOUR Emam,Egypt,Football,330
EL WENCH Mahmoud,Egypt,Football,330
ELSHENAWY Mohamed,Egypt,Football,330
ERAKY Karim,Egypt,Football,330
FOUAD Karim,Egypt,Football,330
GAD Mahmoud,Egypt,Football,330
GALAL Osama,Egypt,Football,330
HAMDY Ammar,Egypt,Football,330
HEGAZY Ahmed,Egypt,Football,330
MAHER Nasser,Egypt,Football,330
MOHAMED Taher,Egypt,Football,330
MOHSEN Salah,Egypt,Football,330
RAHMAN Abdel,Egypt,Football,330
RAYAN Ahmed,Egypt,Football,330
SOBHI Ramadan,Egypt,Football,330
TAWFIK Akram,Egypt,Football,330
ROHIDAS Amit,India,Hockey,334
SINGH Hardik,India,Hockey,334
SINGH Mandeep,India,Hockey,334
SINGH Manpreet,India,Hockey,334
SINGH Shamsher,India,Hockey,334
ALINE,Brazil,Football,344
ANDRESSA,Brazil,Football,344
BARBARA,Brazil,Football,344
BENITES Bruna,Brazil,Football,344
DEBINHA,Brazil,Football,344
DUDA,Brazil,Football,344
ERIKA,Brazil,Football,344
FORMIGA,Brazil,Football,344
GIOVANA,Brazil,Football,344
JUCINARA,Brazil,Football,344
JULIA,Brazil,Football,344
LETICIA,Brazil,Football,344
LUDMILA,Brazil,Football,344
MARTA,Brazil,Football,344
MARTINELLI Gabriel,Brazil,Football,344
MENINO Gabriel,Brazil,Football,344
NINO,Brazil,Football,344
REINIER,Brazil,Football,344
SANTOS,Brazil,Football,344
SANTOS Leticia,Brazil,Football,344
KHANDOSHKA Vasilina,Belarus,Artistic Swimming,345
KULAGINA Daria,Belarus,Artistic Swimming,345
BIJAC Marko,Croatia,Water Polo,359
BUKIC Luka,Croatia,Water Polo,359
BUSLJE Andro,Croatia,Water Polo,359
FATOVIC Loren,Croatia,Water Polo,359
GARCIA GADEA Javier,Croatia,Water Polo,359
JOKOVIC Maro,Croatia,Water Polo,359
LONCAR Luka,Croatia,Water Polo,359
MACAN Marko,Croatia,Water Polo,359
MARCELIC Ivan,Croatia,Water Polo,359
MILOS Lovre,Croatia,Water Polo,359
VRLIC Josip,Croatia,Water Polo,359
VUKICEVIC Ante,Croatia,Water Polo,359
ARGYROPOULOS KANAKAKIS Stylianos,Greece,Water Polo,372
DERVISIS Georgios,Greece,Water Polo,372
FOUNTOULIS Ioannis,Greece,Water Polo,372
GENIDOUNIAS Konstantinos,Greece,Water Polo,372
GKIOUVETSIS Konstantinos,Greece,Water Polo,372
KAPOTSIS Marios,Greece,Water Polo,372
KOLOMVOS Christodoulos,Greece,Water Polo,372
MOURIKIS Konstantinos,Greece,Water Polo,372
PAPANASTASIOU Alexandros,Greece,Water Polo,372
SKOUMPAKIS Dimitrios,Greece,Water Polo,372
VLACHOPOULOS Angelos,Greece,Water Polo,372
ASHBY Madison,Australia,Rugby Sevens,375
CASLICK Charlotte,Australia,Rugby Sevens,375
HAYES Demi,Australia,Rugby Sevens,375
HINDS Tia,Australia,Rugby Sevens,375
PAKI Sariah,Australia,Rugby Sevens,375
TONEGATO Emma,Australia,Rugby Sevens,375
WILLIAMS Sharni,Australia,Rugby Sevens,375
